company,title,url,published_date,author,short_summary,categories,insight_type,insight_keywords,tags,confidence,crawl_date,matched_category_keywords,full_text
Google,Gemini 3.1 Pro: A smarter model for your most complex tasks,https://blog.google/innovation-and-ai/models-and-research/gemini-models/gemini-3-1-pro/,2026-02-19,,3.1 Pro is designed for tasks where a simple answer isn’t enough.,AI_ML; Data_Analytics; Automation; Emerging_Tech,Research,research; model; benchmark,None,0.9,2026-02-25,"{""AI_ML"": [""ai"", ""generative ai"", ""gemini""], ""Data_Analytics"": [""data""], ""Automation"": [""workflow""], ""Emerging_Tech"": [""ar""]}","Breadcrumb 
 
 
 
 
 
 
 
 
 
 Innovation & AI
 
 
 
 
 
 Models & research
 
 
 
 
 
 Gemini Models
 
 
 
 
 
 
 
 
 
 
 Gemini 3.1 Pro: A smarter model for your most complex tasks 
 
 
 
 
 
 
 
 
 Feb 19, 2026 
 · 
 
 
 
 
 
 Share 
 
 
 
 
 x.com 
 
 
 
 Facebook 
 
 
 
 LinkedIn 
 
 
 
 Mail 
 
 
 
 
 Copy link 
 
 
 
 
 
 
 
 
 
 
 3.1 Pro is designed for tasks where a simple answer isn’t enough.
 
 
 
 
 
 
 
 
 
 The Gemini Team 
 
 
 
 
 
 
 

 Read AI-generated summary
 
 
 
 
 General summary 
 
 Gemini 3.1 Pro is here to help you tackle complex tasks. The upgraded core intelligence is rolling out across consumer and developer products. You can access 3.1 Pro through the Gemini API, Vertex AI, the Gemini app, and NotebookLM. 
 
 
 Summaries were generated by Google AI. Generative AI is experimental.
 
 
 
 Bullet points 
 
 
 ""Gemini 3.1 Pro: A smarter model for your most complex tasks"" introduces Google's upgraded AI model. 
 Gemini 3.1 Pro is rolling out to developers, ent…"
Google,A new way to express yourself: Gemini can now create music,https://blog.google/innovation-and-ai/products/gemini-app/lyria-3/,2026-02-18,,"Lyria 3 is now available in the Gemini app. Create custom, high-quality 30-second tracks from text and images.",AI_ML; Emerging_Tech,Product_Launch,now available,None,0.9,2026-02-25,"{""AI_ML"": [""ai"", ""generative ai"", ""gemini""], ""Emerging_Tech"": [""ar""]}","Breadcrumb 
 
 
 
 
 
 
 
 
 
 Innovation & AI
 
 
 
 
 
 Products
 
 
 
 
 
 Gemini App
 
 
 
 
 
 
 
 
 
 
 A new way to express yourself: Gemini can now create music 
 
 
 
 
 
 
 
 
 Feb 18, 2026 
 · 
 
 
 
 
 
 Share 
 
 
 
 
 x.com 
 
 
 
 Facebook 
 
 
 
 LinkedIn 
 
 
 
 Mail 
 
 
 
 
 Copy link 
 
 
 
 
 
 
 
 
 
 
 The Gemini app now features our most advanced music generation model Lyria 3, empowering anyone to make 30-second tracks using text or images in beta.
 
 
 
 
 
 
 
 
 
 Joël Yawili 
 
 Senior Product Manager, Gemini app
 
 
 
 
 
 
 
 Myriam Hamed Torres 
 
 Senior Product Manager, Google DeepMind
 
 
 
 
 
 
 
 

 Read AI-generated summary
 
 
 
 
 General summary 
 
 The Gemini app now lets you create custom music using Google DeepMind’s Lyria 3. Just describe an idea or upload a photo, and Gemini will generate a 30-second track with custom cover art. Also, all tracks generated in the Gemini app are embedded with SynthID, our imperceptible watermark for identify…"
Google,"Pixel 10a: Everything you need, at a price you’ll love",https://blog.google/products-and-platforms/devices/pixel/google-pixel-10a/,2026-02-18,,"Learn more about Google’s new Pixel 10a, its latest A-series Pixel phone.",AI_ML; Emerging_Tech,Other,,None,0.9,2026-02-25,"{""AI_ML"": [""ai"", ""generative ai"", ""gemini""], ""Emerging_Tech"": [""ar""]}","Breadcrumb 
 
 
 
 
 
 
 
 
 
 Products & Platforms
 
 
 
 
 
 Devices
 
 
 
 
 
 Google Pixel
 
 
 
 
 
 
 
 
 
 
 Pixel 10a: Everything you need, at a price you’ll love 
 
 
 
 
 
 
 
 
 Feb 18, 2026 
 · 
 
 
 
 
 
 Share 
 
 
 
 
 x.com 
 
 
 
 Facebook 
 
 
 
 LinkedIn 
 
 
 
 Mail 
 
 
 
 
 Copy link 
 
 
 
 
 
 
 
 
 
 
 The new Pixel 10a packs core Pixel experiences into a sleek, durable design for just $499.
 
 
 
 
 
 
 
 
 
 Laura Kastilani 
 
 Product Manager
 
 
 
 
 
 
 
 

 Read AI-generated summary
 
 
 
 
 General summary 
 
 The new Pixel 10a is here with advanced AI tools and a great camera for only $499. It features a smooth design made with recycled materials and comes in fresh colors like Lavender and Berry. You can pre-order the Pixel 10a and coordinating Pixel Buds 2a starting March 5. 
 
 
 Summaries were generated by Google AI. Generative AI is experimental.
 
 
 
 Bullet points 
 
 
 ""Pixel 10a: Everything you need, at a price you’ll love"" introduces Google's …"
Google,Learning & Education,https://blog.google/products-and-platforms/products/education/,,,Find out about Google's commitment to education through our products and initiatives.,AI_ML; Emerging_Tech,Other,,,0.65,2026-02-25,"{""AI_ML"": [""ai""], ""Emerging_Tech"": [""ar""]}","Breadcrumb 
 
 
 
 
 
 
 
 
 
 Products & Platforms
 
 
 
 
 
 Products
 
 
 
 
 
 
 
 
 
 
 
 
 Learning & Education 
 The official source for information about Google’s learning and education-related efforts . 
 
 
 
 
 
 
 Follow Us
 
 
 
 
 
 
 
 
 
 
 
 
 
 
 
 
 
 
 
 
 
 
 
 
 
 
 
 
 
 
 
 
 
 
 
 
 
 
 
 
 
 
 
 
 Learning & Education
 
 
 
 
 
 
 Our latest commitments in AI and learning
 
 
 
 We’re bringing together experts, students, educators and more at our Google AI for Learning Forum.
 
 
 
 
 
 
 
 
 
 
 
 
 
 
 
 
 
 
 
 
 
 Collection 
 
 
 AI, learning and education
 
 
 
 
 AI stands to be a powerful force in improving learning outcomes for everyone, everywhere.
 
 
 
 
 
 View the collection 
 
 
 
 
 
 
 
 
 
 
 
 
 
 
 
 
 
 Learning & Education
 
 
 
 
 AI and learning: A new chapter for students and educators
 
 
 
 
 By
 Ben Gomes 
 
 
 
 
 
 
 
 
 
 
 
 
 
 
 
 
 
 
 
 
 Learning & Education
 
 
 
 
 AI in education: From accessing information to achieving …"
Google,Our commitment to make AI training available to all 6 million U.S. educators,https://blog.google/products-and-platforms/products/education/teacher-ai-literacy-training/,2026-02-23,,Learn about Google’s partnership to bring AI skills to every classroom with free training for 6 million U.S. educators.,AI_ML; Data_Analytics; Emerging_Tech; Skills_Jobs; Business_Strategy,Partnership,partner; partnership,None,0.9,2026-02-25,"{""AI_ML"": [""ai"", ""generative ai"", ""gemini""], ""Data_Analytics"": [""bi""], ""Emerging_Tech"": [""ar""], ""Skills_Jobs"": [""skill"", ""training""], ""Business_Strategy"": [""partnership""]}","Breadcrumb 
 
 
 
 
 
 
 
 
 
 Products & Platforms
 
 
 
 
 
 Products
 
 
 
 
 
 Learning & Education
 
 
 
 
 
 
 
 
 
 
 Our commitment to make AI training available to all 6 million U.S. educators 
 
 
 
 
 
 
 
 
 
 
 
 
 
 Share 
 
 
 
 
 x.com 
 
 
 
 Facebook 
 
 
 
 LinkedIn 
 
 
 
 Mail 
 
 
 
 
 Copy link 
 
 
 
 
 
 
 
 
 
 
 This landmark initiative — the biggest of its kind — is a partnership with ISTE+ASCD. It will make Google’s suite of AI products and comprehensive AI literacy training available to all 6 million K12 teachers and higher ed faculty in the U.S.
 
 
 
 
 
 
 
 
 
 
 
 
 
 
 Chris Phillips 
 
 VP & General Manager, Education, Google
 
 
 
 
 
 
 
 

 Read AI-generated summary
 
 
 
 
 General summary 
 
 Google for Education is partnering with ISTE+ASCD to give all U.S. educators free Gemini training. The training will help teachers use Google AI tools like Gemini and NotebookLM. If you want to learn more express your interest through our form. 
 
 
 Summa…"
Google,AI Impact Summit 2026,https://blog.google/innovation-and-ai/technology/ai/ai-impact-summit-2026-collection/,,,A look at the partnerships and investments Google announced at the AI Impact Summit 2026.,AI_ML; Data_Analytics; Emerging_Tech; Government_Policy; Business_Strategy,Investment,invest; fund; investment; funding,,0.65,2026-02-25,"{""AI_ML"": [""ai""], ""Data_Analytics"": [""bi""], ""Emerging_Tech"": [""ar""], ""Government_Policy"": [""government""], ""Business_Strategy"": [""investment"", ""partnership""]}","Breadcrumb 
 
 
 
 
 
 
 
 
 
 Innovation & AI
 
 
 
 
 
 Technology
 
 
 
 
 
 AI
 
 
 
 
 
 Collection
 
 
 
 
 
 
 
 
 
 
 
 
 
 
 
 
 Share 
 
 
 
 
 x.com 
 
 
 
 Facebook 
 
 
 
 LinkedIn 
 
 
 
 Mail 
 
 
 
 
 Copy link 
 
 
 
 
 
 
 
 
 
 
 AI Impact Summit 2026 
 
 
 
 8 articles 
 articles 8 
 
 
 
 
 8 articles 
 
 articles 8 
 
 
 
 
 Our last decade of breakthroughs in AI are helping us make progress against some of humanity’s biggest challenges. At the AI Impact Summit in India, we’re launching new global partnerships, research, investment and innovation, to ensure that these benefits are accessible for everyone. 
 
 
 
 
 
 
 
 
 
 
 
 
 
 
 
 
 
 
 
 A message from our CEO
 
 
 
 
 “No technology has me dreaming bigger than AI”
 
 
 CEO Sundar Pichai’s remarks at the opening ceremony of the AI Impact Summit 2026
 
 
 
 
 By Sundar Pichai - Feb 19, 2026 
 
 
 
 
 
 
 
 
 
 
 
 
 
 
 
 
 
 
 
 
 
 
 How we’re partnering to make AI work for everyone
 
 
 An overview of Goo…"
Google,“No technology has me dreaming bigger than AI”,https://blog.google/company-news/inside-google/message-ceo/sundar-pichai-ai-impact-summit-2026/,2026-02-19,,CEO Sundar Pichai’s remarks at the opening ceremony of the AI Impact Summit 2026,AI_ML; Data_Analytics; Emerging_Tech; Government_Policy; Skills_Jobs,Partnership,collaboration,None,0.9,2026-02-25,"{""AI_ML"": [""ai"", ""generative ai""], ""Data_Analytics"": [""bi""], ""Emerging_Tech"": [""ar""], ""Government_Policy"": [""government""], ""Skills_Jobs"": [""training"", ""workforce""]}","Breadcrumb 
 
 
 
 
 
 
 
 
 
 Company News
 
 
 
 
 
 Inside Google
 
 
 
 
 
 A message from our CEO
 
 
 
 
 
 
 
 
 
 
 “No technology has me dreaming bigger than AI” 
 
 
 
 
 
 
 
 
 Feb 19, 2026 
 · 
 
 
 
 
 
 Share 
 
 
 
 
 x.com 
 
 
 
 Facebook 
 
 
 
 LinkedIn 
 
 
 
 Mail 
 
 
 
 
 Copy link 
 
 
 
 
 
 
 
 
 
 
 Today CEO Sundar Pichai gave remarks at the opening ceremony of the AI Impact Summit. Read a transcript of his speech.
 
 
 
 
 
 
 
 
 
 
 
 
 
 
 Sundar Pichai 
 
 CEO
 
 
 
 
 
 
 
 

 Read AI-generated summary
 
 
 
 
 Bullet points 
 
 Here's a summary of Sundar Pichai's remarks on AI, formatted into bullet points: 
 
 Sundar Pichai's article, ""No technology has me dreaming bigger than AI,"" discusses AI's potential to improve lives. 
 AI can solve big problems like drug discovery, as shown by Google DeepMind's AlphaFold project. 
 Google is investing in infrastructure and training to bridge the digital divide and prepare for workforce changes. 
 Governments …"
Google,A message from our CEO,https://blog.google/company-news/inside-google/message-ceo/,,,"Breadcrumb 
 
 
 
 
 
 
 
 
 
 Company News
 
 
 
 
 
 Inside Google
 
 
 
 
 
 
 
 
 
 
 
 
 A message from our CEO 
 
 
 
 
 
 
 Follow Us…",General,Other,,,0.4,2026-02-25,{},"Breadcrumb 
 
 
 
 
 
 
 
 
 
 Company News
 
 
 
 
 
 Inside Google
 
 
 
 
 
 
 
 
 
 
 
 
 A message from our CEO 
 
 
 
 
 
 
 Follow Us"
AWS,Top announcements of AWS re:Invent 2025,https://aws.amazon.com/blogs/aws/top-announcements-of-aws-reinvent-2025/,2025-11-30,,"Discover our most impactful innovations across analytics, AI, compute, containers, security, and more throughout the conference week.",AI_ML; Cloud; Cybersecurity; Data_Analytics; Emerging_Tech; Government_Policy; Skills_Jobs,Product_Launch,launch; introducing,Announcements; AWS re:Invent; News,0.9,2026-02-25,"{""AI_ML"": [""ai"", ""artificial intelligence""], ""Cloud"": [""cloud"", ""aws"", ""containers""], ""Cybersecurity"": [""security"", ""privacy""], ""Data_Analytics"": [""data"", ""analytics"", ""bi""], ""Emerging_Tech"": [""ar""], ""Government_Policy"": [""compliance""], ""Skills_Jobs"": [""training""]}","Top announcements of AWS re:Invent 2025 
 
 by AWS News Blog Team on 30 NOV 2025 in Announcements , AWS re:Invent , News Permalink Comments Share 
 
 
 
 
 
 
 
 
 
 
 
 
 
 
 
 
 
 
 
 
 
 
 
 
 
 
 
 
 
 We’ve rounded up the most significant announcements from AWS re:Invent 2025 , held Nov. 30-Dec. 4 in Las Vegas. This guide highlights the innovations that will help you build, scale, and transform your business in the cloud. 
 More from re:Invent 2025: 
 
 Watch keynotes and Innovation Talks on demand now. 
 To see the complete list of all AWS launches, visit What’s New with AWS . 
 
 (This post was updated 12:57 p.m. PST, Dec. 5, 2025.) 
 
 Quick category links: 
 Analytics | Artificial Intelligence | Compute | Containers | Database | Global Infrastructure | Management & Governance | Migration & Modernization | Networking & Content Delivery | Partner Network | Security, Identity, & Compliance | Storage 
 
 
 
 
 
 Analytics 
 AWS Clean Rooms launches privacy-enhancing dataset genera…"
AWS,Introducing Amazon Nova Forge: Build your own frontier models using Nova,https://aws.amazon.com/blogs/aws/introducing-amazon-nova-forge-build-your-own-frontier-models-using-nova/,2025-12-02,,"New program gives organizations unprecedented access to Nova model training, enabling them to build custom frontier models that deeply embed domain expertise without the traditional barriers of cost, compute, and time.",AI_ML; Cloud; Data_Analytics; Automation; Emerging_Tech; Skills_Jobs,Product_Launch,introducing,Amazon Bedrock; Amazon Machine Learning; Amazon Nova; Amazon SageMaker AI; Amazon SageMaker HyperPod; Announcements; Artificial Intelligence; Featured; Generative AI,0.9,2026-02-25,"{""AI_ML"": [""ai"", ""artificial intelligence"", ""machine learning"", ""generative ai""], ""Cloud"": [""aws""], ""Data_Analytics"": [""data"", ""bi""], ""Automation"": [""workflow""], ""Emerging_Tech"": [""edge"", ""ar""], ""Skills_Jobs"": [""training""]}","Introducing Amazon Nova Forge: Build your own frontier models using Nova 
 
 by Danilo Poccia on 02 DEC 2025 in Amazon Bedrock , Amazon Machine Learning , Amazon Nova , Amazon SageMaker AI , Amazon SageMaker HyperPod , Announcements , Artificial Intelligence , Featured , Generative AI Permalink Comments Share 
 
 
 
 
 
 
 
 
 
 
 
 
 
 
 
 
 
 
 
 
 
 
 
 
 
 
 
 
 
 Organizations are rapidly expanding their use of generative AI across all parts of the business. Applications requiring deep domain expertise or specific business context need models that truly understand their proprietary knowledge, workflows, and unique requirements. 
 While techniques like prompt engineering and Retrieval Augmented Generation (RAG) work well for many use cases, they have fundamental limitations when it comes to embedding specialized knowledge into a model’s core understanding. Supervised fine-tuning and reinforcement learning help in customizing the model, but they operate too late in the development l…"
AWS,Amazon Bedrock AgentCore adds quality evaluations and policy controls for deploying trusted AI agents,https://aws.amazon.com/blogs/aws/amazon-bedrock-agentcore-adds-quality-evaluations-and-policy-controls-for-deploying-trusted-ai-agents/,2025-12-02,,"Deploy AI agents with confidence using new quality evaluations and policy controls—enabling precise boundaries on agent actions, continuous quality monitoring, and experience-based learning while maintaining natural conversation flows.",AI_ML; Cloud; Data_Analytics; Emerging_Tech; Government_Policy,Product_Launch,launch; announcing,Amazon Bedrock; Amazon Machine Learning; Announcements; Artificial Intelligence; AWS re:Invent; Featured; Generative AI; Launch; News,0.9,2026-02-25,"{""AI_ML"": [""ai"", ""artificial intelligence"", ""machine learning"", ""generative ai""], ""Cloud"": [""aws""], ""Data_Analytics"": [""data"", ""bi""], ""Emerging_Tech"": [""ar""], ""Government_Policy"": [""policy""]}","Amazon Bedrock AgentCore adds quality evaluations and policy controls for deploying trusted AI agents 
 
 by Danilo Poccia on 02 DEC 2025 in Amazon Bedrock , Amazon Machine Learning , Announcements , Artificial Intelligence , AWS re:Invent , Featured , Generative AI , Launch , News Permalink Comments Share 
 
 
 
 
 
 
 
 
 
 
 
 
 
 
 
 
 
 
 
 
 
 
 
 
 
 
 
 
 
 Today, we’re announcing new capabilities in Amazon Bedrock AgentCore to further remove barriers holding AI agents back from production. Organizations across industries are already building on AgentCore, the most advanced agentic platform to build, deploy, and operate highly capable agents securely at any scale. In just 5 months since preview, the AgentCore SDK has been downloaded over 2 million times. For example: 
 
 PGA TOUR, a pioneer and innovation leader in sports has built a multi-agent content generation system to create articles for their digital platforms. The new solution, built on AgentCore, enables the PGA TOUR t…"
AWS,New AWS Security Agent secures applications proactively from design to deployment (preview),https://aws.amazon.com/blogs/aws/new-aws-security-agent-secures-applications-proactively-from-design-to-deployment-preview/,2025-12-02,,"Scale your AppSec expertise with AI-powered design reviews, code analysis, and contextual penetration testing that understand your unique security requirements and application architecture.",AI_ML; Cloud; Cybersecurity; Data_Analytics; Emerging_Tech; Government_Policy,Product_Launch,launch; announcing; releases,"Announcements; AWS re:Invent; Featured; Launch; News; Security, Identity, & Compliance",0.9,2026-02-25,"{""AI_ML"": [""ai""], ""Cloud"": [""aws""], ""Cybersecurity"": [""security"", ""threat""], ""Data_Analytics"": [""bi""], ""Emerging_Tech"": [""ar""], ""Government_Policy"": [""compliance""]}","New AWS Security Agent secures applications proactively from design to deployment (preview) 
 
 by Esra Kayabali on 02 DEC 2025 in Announcements , AWS re:Invent , Featured , Launch , News , Security, Identity, & Compliance Permalink Comments Share 
 
 
 
 
 
 
 
 
 
 
 
 
 
 
 
 
 
 
 
 
 
 
 
 
 
 
 
 
 
 [An update was made on January 8, 2026]: This post has been updated to clarify the authentication options for accessing the AWS Security Agent Web Application. 
 Today, we’re announcing AWS Security Agent in preview, a frontier agent that proactively secures your applications throughout the development lifecycle. It conducts automated application security reviews tailored to your organizational requirements and delivers context-aware penetration testing on demand. By continuously validating application security from design to deployment, it helps prevent vulnerabilities early in development. 
 Static application security testing (SAST) tools examine code without runtime context, wher…"
AWS,Introducing AWS Transform custom: Crush tech debt with AI-powered code modernization,https://aws.amazon.com/blogs/aws/introducing-aws-transform-custom-crush-tech-debt-with-ai-powered-code-modernization/,2025-12-01,,"Modernize applications at scale with this new AI-powered service that learns your organization's patterns, automates transformations across repositories, and cuts execution time by up to 80% through both pre-built and custom capabilities.",AI_ML; Cloud; Data_Analytics; Automation; Emerging_Tech,Developer_Tool,cli; developer,Announcements; AWS Lambda; AWS re:Invent; AWS Transform; Featured; News; Python,0.9,2026-02-25,"{""AI_ML"": [""ai""], ""Cloud"": [""aws""], ""Data_Analytics"": [""bi""], ""Automation"": [""workflow""], ""Emerging_Tech"": [""ar""]}","Introducing AWS Transform custom: Crush tech debt with AI-powered code modernization 
 
 by Matheus Guimaraes on 01 DEC 2025 in Announcements , AWS Lambda , AWS re:Invent , AWS Transform , Featured , News , Python Permalink Comments Share 
 
 
 
 
 
 
 
 
 
 
 
 
 
 
 
 
 
 
 
 
 
 
 
 
 
 
 
 
 
 Technical debt is one of the most persistent challenges facing enterprise development teams today. Studies show that organizations spend 20% of their IT budget on technical debt instead of advancing new capabilities. Whether it’s upgrading legacy frameworks, migrating to newer runtime versions, or refactoring outdated code patterns, these essential but repetitive tasks consume valuable developer time that could be spent on innovation. 
 Today, we’re excited to announce AWS Transform custom , a new agent that fundamentally changes how organizations approach modernization at scale. This intelligent agent combines pre-built transformations for Java, Node.js, and Python upgrades with the ability …"
